{
  "cell": "g5_full_graph",
  "claim_policy": "휘발 필드(runtime·타임스탬프) 제외 수치 전 필드 동일",
  "cross_device_equivalence": {
    "aggregate": {
      "cross_device_max_abs": 0.008642524480819702,
      "cross_device_max_rel": 0.02462356236658983,
      "cross_device_p99_abs": 0.0009616720676422119,
      "cross_device_p99_rel": 0.02082714130445268,
      "dgx_within_max_abs": 6.07222318649292e-07,
      "dgx_within_max_rel": 0.0003088358712095068,
      "dgx_within_p99_abs": 0.0,
      "dgx_within_p99_rel": 0.0,
      "local_within_max_abs": 5.364418029785156e-07,
      "local_within_max_rel": 3.898609374511349e-06,
      "local_within_p99_abs": 1.1920928955078125e-07,
      "local_within_p99_rel": 2.08568871202259e-06,
      "sealed_absolute_limit": 0.0001,
      "sealed_relative_limit": 0.001
    },
    "config_sha256_dgx": "56911f4633979a3fe00fd56be2d0a39ac06757ed255ed49ed18ca20ba9d4ac49",
    "config_sha256_local": "56911f4633979a3fe00fd56be2d0a39ac06757ed255ed49ed18ca20ba9d4ac49",
    "graph_sha256_dgx": "b8c5ca99670f9c5ba9a138686c8ddd16e532d1e841241d40a1703535505f7241",
    "graph_sha256_local": "b8c5ca99670f9c5ba9a138686c8ddd16e532d1e841241d40a1703535505f7241",
    "per_seed": [
      {
        "cross_device_max_abs": 0.0027388930320739746,
        "cross_device_max_rel": 0.023168319521452613,
        "cross_device_p99_abs": 0.0008974331617355357,
        "cross_device_p99_rel": 0.02294023462770971,
        "dgx_within_max_abs": 6.07222318649292e-07,
        "dgx_within_max_rel": 2.896302079687043e-05,
        "dgx_within_p99_abs": 0.0,
        "dgx_within_p99_rel": 0.0,
        "local_within_max_abs": 2.384185791015625e-07,
        "local_within_max_rel": 2.062473230816192e-06,
        "local_within_p99_abs": 1.1920928955078125e-07,
        "local_within_p99_rel": 1.955326863710974e-06,
        "sealed_absolute_limit": 0.0001,
        "sealed_relative_limit": 0.001,
        "seed": 17
      },
      {
        "cross_device_max_abs": 0.008642524480819702,
        "cross_device_max_rel": 0.01621164998848997,
        "cross_device_p99_abs": 0.0011857604980468756,
        "cross_device_p99_rel": 0.01542868127152799,
        "dgx_within_max_abs": 8.178176358342171e-08,
        "dgx_within_max_rel": 0.0003088358712095068,
        "dgx_within_p99_abs": 1.6181502360268627e-10,
        "dgx_within_p99_rel": 2.0040689571622593e-05,
        "local_within_max_abs": 5.364418029785156e-07,
        "local_within_max_rel": 2.7068880704243686e-06,
        "local_within_p99_abs": 1.1920928955078125e-07,
        "local_within_p99_rel": 1.9748311315488956e-06,
        "sealed_absolute_limit": 0.0001,
        "sealed_relative_limit": 0.001,
        "seed": 29
      },
      {
        "cross_device_max_abs": 0.003886096179485321,
        "cross_device_max_rel": 0.02462356236658983,
        "cross_device_p99_abs": 0.0006112718582153322,
        "cross_device_p99_rel": 0.022573645287481025,
        "dgx_within_max_abs": 0.0,
        "dgx_within_max_rel": 0.0,
        "dgx_within_p99_abs": 0.0,
        "dgx_within_p99_rel": 0.0,
        "local_within_max_abs": 2.384185791015625e-07,
        "local_within_max_rel": 3.898609374511349e-06,
        "local_within_p99_abs": 1.8447637557983434e-07,
        "local_within_p99_rel": 2.8214231790554956e-06,
        "sealed_absolute_limit": 0.0001,
        "sealed_relative_limit": 0.001,
        "seed": 43
      }
    ],
    "reference_drawing_id": "high_quality_architectural_6347",
    "reference_family_id": "0eb060c9bd798071dee0bf7f5ff8cdc5bc1cf9102ba3781c16dfc570c37971f5",
    "repeat_count_per_device": 2,
    "rule": "abs≤max(1e-4, 5×p99_within) ∧ rel≤max(1e-3, 5×p99_within)",
    "verdict_emitted": false
  },
  "device_tensor_materialization": {
    "edge_dst_bytes": 48376952,
    "edge_src_bytes": 48376952,
    "edge_type_bytes": 48376952,
    "materialization_wall_seconds": 0.026906181126832962,
    "peak_host_rss_bytes": 1949163520,
    "x_bytes": 28045036
  },
  "dgx_occupancy": {
    "container_launch_command": "docker run --rm --name g5_full_graph_20260719T004638Z --gpus all --ipc=host --network=host -v '/home/sunapse/g5_full_graph_20260719T004638Z:/workspace' -w /workspace nvcr.io/nvidia/pytorch:25.04-py3 timeout --signal=TERM --kill-after=60s 36h bash -lc 'python -m pip install --disable-pip-version-check --no-cache-dir -q ezdxf==1.4.3 && exec python /workspace/g5_full_graph.py dgx --builder /workspace/graph_builder.py --architecture /workspace/gnn_e2_v2.py --checkpoint-dir /workspace/ckpt --prereg /workspace/prereg.json --prereg-csv /workspace/PREREG.csv --dxf /workspace/1_export.dxf --reference /workspace/high_quality_architectural_6347.segir.json --output /workspace/_dgx_raw.json --vllm-probe-url http://127.0.0.1:8000/v1/models'",
    "initial_host_available_bytes": 120454250496,
    "initial_ssh_probe_utc": "2026-07-19T00:48:13Z",
    "initial_vllm_container_state": "exited|exit=0|finished=2026-07-18T12:58:33.301940483Z",
    "initial_vllm_http_state": "PREEXISTING_UNREACHABLE",
    "post_job_vllm_http_reachable": false,
    "post_job_vllm_probe": {
      "elapsed_seconds": 0.0003796159289777279,
      "error": "<urlopen error [Errno 111] Connection refused>",
      "error_type": "URLError",
      "http_status": null,
      "reachable": false,
      "started_utc": "2026-07-19T00:58:28.640Z"
    },
    "pre_job_vllm_probe": {
      "elapsed_seconds": 0.01629167702049017,
      "error": "<urlopen error [Errno 111] Connection refused>",
      "error_type": "URLError",
      "http_status": null,
      "reachable": false,
      "started_utc": "2026-07-19T00:48:49.214Z"
    },
    "remote_cleanup_command": "test exact target /home/sunapse/g5_full_graph_20260719T004638Z; verify no g5_full_graph_20260719T004638Z container; inventory; rm -rf -- /home/sunapse/g5_full_graph_20260719T004638Z; verify absent",
    "vllm_restart_command": "NOT_ISSUED_NO_CELL_STOP_ACTION",
    "vllm_stop_command": "NOT_ISSUED_PREEXISTING_DOWN"
  },
  "full_graph_inference": [
    {
      "latency_sample_count": 1,
      "nodes_per_second": 267641.1153956847,
      "output_distribution": {
        "count": 412427,
        "histogram_bin_edges": [
          0.0,
          0.05,
          0.1,
          0.15000000000000002,
          0.2,
          0.25,
          0.30000000000000004,
          0.35000000000000003,
          0.4,
          0.45,
          0.5,
          0.55,
          0.6000000000000001,
          0.65,
          0.7000000000000001,
          0.75,
          0.8,
          0.8500000000000001,
          0.9,
          0.9500000000000001,
          1.0
        ],
        "histogram_counts": [
          286319,
          35779,
          14003,
          7544,
          5902,
          5227,
          4589,
          4365,
          4071,
          3987,
          3916,
          3990,
          4091,
          4010,
          3905,
          4058,
          4086,
          4169,
          4148,
          4268
        ],
        "max": 0.9998270869255066,
        "mean": 0.11997395957996765,
        "min": 1.4711364348940492e-09,
        "p01": 6.242395029403271e-05,
        "p05": 0.0005121747555676848,
        "p25": 0.005331600783392787,
        "p50": 0.018855778500437737,
        "p75": 0.0750916637480259,
        "p95": 0.751241332292555,
        "p99": 0.9517721378803252,
        "positive_ratio_at_0_5": 0.09854107514784434,
        "std_population": 0.23155309409018554
      },
      "peak_cuda_allocated_bytes": 1664444416,
      "peak_cuda_reserved_bytes": 2621440000,
      "peak_host_rss_bytes": 2734665728,
      "seed": 17,
      "single_forward_wall_seconds": 1.5409702630713582,
      "single_sample_empirical_p95_seconds": 1.5409702630713582
    },
    {
      "latency_sample_count": 1,
      "nodes_per_second": 1085533.600429946,
      "output_distribution": {
        "count": 412427,